retsuban,vehicle_type
120M,811
121M,811
1220M,813
1222M,811
122M,813
123M,813
124M,813
125M,811
126M,811
127M,813
128M,811
129M,813
130M,415
131M,817
,817
1321M,811
1323M,815
1325M,813
1327M,813
1329M,813
132M,811
1331M,813
133M,813
134M,415
135M,813
136M,813
137M,813
138M,813
139M,811
140M,813
141M,813
1420M,815
1421M,821
1422M,815
1423M,821
1424M,821
1425M,815
1426M,815
1427M,815
1428M,815
1429M,815
142M,813
1430M,821
1431M,821
1432M,815
1433M,815
1434M,815
1435M,815
1436M,821
1437M,815
1438M,815
1439M,815
143M,813
1440M,815
1441M,815
1442M,815
1443M,815
1444M,815
1445M,821
1446M,815
1447M,815
1448M,815
1449M,815
144M,811
1450M,821
1451M,821
1452M,815
1453M,815
1454M,815
1455M,815
1456M,821
1457M,821
1458M,815
1459M,815
145M,813
1460M,815
1461M,815
1462M,821
1463M,821
1464M,815
1465M,815
1466M,815
1467M,815
1468M,821
1469M,821
1470M,815
1471M,815
1472M,815
1473M,815
1474M,821
1475M,821
1476M,815
1477M,815
1478M,815
1479M,815
147M,813
1480M,815
1481M,815
1482M,821
1483M,815
1484M,815
1485M,821
1486M,815
1487M,815
1488M,815
1489M,815
1490M,815
1491M,815
1492M,821
1493M,815
1494M,815
1495M,815
1496M,815
1497M,821
1498M,815
1499M,815
1520M,815
1521M,815
1522M,815
1523M,815
1524M,821
1525M,821
1526M,815
1527M,815
1528M,815
1529M,815
1530M,815
1531M,815
1532M,821
1533M,821
1534M,815
1535M,815
1536M,815
1537M,815
1727C,819
1820M,811
2121M,415
2122M,813
2123M,813
2124M,813
2125M,811
2126M,813
2127M,813
2128M,813
2129M,813
2130M,813
2132M,813
2133M,813
2134M,819
2135M,811
2136M,813
2137M,813
2138M,811
2139M,813
2140M,813
2141M,813
2142M,813
2143M,819
2144M,811
2145M,813
2146M,813
2147M,811
2148M,813
2149M,813
2150M,819
2151M,811
2152M,813
2153M,813
2154M,811
2155M,813
2156M,813
2157M,817
2158M,811
2159M,813
2160M,813
2161M,819
2162M,813
2163M,813
2164M,811
2165M,813
2166M,817
2167M,813
2168M,813
2169M,415
2170M,813
2171M,811
2172M,813
2173M,813
2174M,415
2175M,813
2176M,813
2177M,813
2178M,811
2179M,415
2180M,813
2181M,813
2182M,813
2183M,813
2184M,415
2185M,811
2186M,815
2220M,813
2222M,813
2223M,813
2225M,415
2226M,813
2227M,813
2228M,415
2229M,813
2230M,813
2231M,415
2232M,813
2233M,813
2234M,415
2235M,813
2236M,813
2237M,811
2239M,811
2241M,811
2243M,813
2320M,813
2321M,811
2322M,811
2323M,815
2324M,813
2325M,811
,811
2326M,813
2327M,813
2328M,813
2329M,813
,813
2330M,813
2331M,813
2332M,811
2333M,817
2334M,415
2335M,813
2336M,415
2337M,813
2338M,811
2339M,813
2340M,817
2341M,811
2342M,813
,813
2343M,811
2344M,813
2345M,811
2346M,813
2347M,813
2348M,817
2349M,817
2350M,813
2351M,811
2352M,813
2353M,415
2354M,813
,813
2355M,813
2356M,813
2357M,813
2358M,811
2360M,811
2362M,813
2364M,811
2366M,811
2368M,811
2522M,813
2525M,811
2536M,811
2555M,813
2563M,813
2566M,813
2569M,813
2570M,813
2573M,813
2667H,821
2674H,821
2686H,821
2690H,821
2695H,821
2727C,819
2821M,811
2822M,811
2823M,415
2824M,811
,811
2825M,811
2826M,415
2828M,811
2829M,811
2830M,813
2831M,811
2832M,811
2835M,811
2836M,811
2838M,811
2851M,811
2856M,811
2863M,811
2866M,811
,811
2879M,811
2881M,813
2920M,811
2923M,415
2925M,811
,811
2927M,811
,811
2928M,415
2931M,811
,811
3120M,811
3121M,813
3122M,813
3123M,813
3124M,813
3125M,811
3126M,415
3161M,415
320M,815
321M,815
3220M,811
3221M,811
3222M,813
3223M,813
3225M,813
3227M,811
3229M,817
322M,821
323M,815
324M,821
325M,415
326M,815
327M,821
328M,821
329M,815
330M,815
331M,813
332M,821
333M,811
334M,815
335M,815
336M,815
337M,815
338M,815
339M,821
340M,821
341M,815
342M,815
343M,815
344M,815
345M,815
346M,815
347M,821
348M,815
349M,815
350M,821
351M,815
352M,815
353M,821
354M,815
355M,815
356M,815
357M,815
358M,821
359M,815
360M,815
361M,815
362M,815
363M,815
364M,815
365M,815
366M,815
367M,815
368M,815
369M,815
370M,815
371M,815
372M,815
373M,815
374M,815
375M,815
376M,815
377M,815
378M,815
379M,815
380M,815
381M,815
383M,815
385M,815
387M,815
389M,815
4120M,811
4121M,813
4122M,813
4123M,811
4124M,813
4125M,813
4126M,813
4127M,813
4128M,811
,811
4129M,811
4130M,811
4131M,813
4132M,813
4133M,811
4134M,813
4135M,813
4136M,811
4137M,811
4138M,813
4139M,811
4140M,811
4141M,811
4142M,813
4143M,813
4144M,811
4145M,811
4146M,813
4147M,811
4148M,811
4149M,813
4150M,813
4151M,811
4152M,813
,813
4153M,811
4154M,813
4155M,811
4156M,813
4157M,811
4159M,813
4220M,817
4221M,813
4222M,811
,811
4223M,811
4224M,813
4225M,813
4226M,817
4227M,817
4228M,811
4229M,415
4230M,811
4231M,813
4232M,811
4233M,813
4234M,813
4236M,817
,817
4320M,815
4321M,815
4651H,821
4820M,811
4920M,811
5120M,415
5121M,415
5122M,415
5123M,415
5124M,415
5125M,415
5126M,415
5127M,415
5128M,415
5129M,415
5130M,415
5131M,415
5132M,415
5133M,415
5134M,415
5135M,415
5136M,415
5137M,415
5138M,415
5139M,415
5140M,415
5141M,415
5142M,415
5143M,415
5144M,415
5145M,415
5146M,415
5147M,415
5148M,415
5149M,415
5150M,415
5151M,415
5152M,415
5153M,415
5154M,415
5155M,415
5156M,415
5157M,415
5158M,415
5159M,415
5160M,415
5161M,415
5162M,415
5163M,415
5164M,415
5165M,415
5166M,415
5167M,415
5168M,415
5169M,415
5170M,415
5171M,415
5172M,415
5173M,415
5174M,415
5175M,415
5176M,415
5177M,415
5178M,415
5179M,415
5180M,415
5181M,415
5182M,415
5183M,415
5184M,415
5185M,415
5186M,415
5187M,415
5188M,415
5189M,415
5190M,415
5191M,415
5192M,415
5193M,415
5194M,415
5195M,415
5196M,415
5197M,415
5198M,415
5199M,415
520M,813
521M,811
5220M,415
5221M,415
5222M,415
5223M,415
5224M,415
5225M,415
5226M,415
5227M,415
5228M,415
5229M,415
522M,811
5230M,415
5231M,415
5232M,415
5233M,415
5234M,415
5235M,415
5236M,415
5237M,415
5238M,415
5239M,415
5240M,415
5241M,415
5242M,415
5243M,415
5245M,415
5320M,815
5321M,815
,815
5322M,815
5323M,821
5324M,815
5325M,815
5326M,815
5327M,815
5328M,821
5329M,821
5330M,821
5331M,815
,815
5332M,815
5333M,821
5334M,815
5335M,821
5336M,821
5337M,815
5338M,815
5339M,815
5340M,821
5341M,821
5342M,815
5343M,815
5344M,815
5345M,821
5346M,821
5347M,815
5348M,815
5349M,815
5350M,821
5351M,815
5352M,815
5353M,815
5354M,821
5355M,821
5356M,815
5357M,815
5358M,815
5359M,821
5360M,815
5361M,821
5362M,821
5363M,815
5364M,815
5365M,815
5366M,815
5367M,821
5368M,815
5369M,815
5520M,415
5521M,415
5522M,415
5640H,821
5642H,821
5644H,821
5645H,821
5647H,821
5648H,821
5649H,821
564M,813
5653H,821
565M,813
5725C,819
575M,811
577M,415
620H,821
621H,821
622H,821
623H,821
626H,821
627H,821
628H,821
630H,821
631H,821
6320M,815
6321M,821
6322M,821
6323M,815
6324M,815
6325M,821
6326M,815
6327M,815
6328M,821
6329M,821
632H,821
6330M,815
6331M,815
6332M,821
6333M,821
6334M,821
6335M,815
6336M,815
6337M,815
6338M,815
6339M,815
633H,821
6340M,815
6341M,821
6342M,821
6343M,821
6344M,821
6345M,815
6346M,815
6347M,815
6348M,815
6349M,821
634H,821
6350M,821
6351M,815
6352M,821
6353M,815
6354M,815
6355M,815
6356M,821
6358M,815
635H,821
636H,821
637H,821
638H,821
639H,821
641H,821
642M,415
6520H,821
6521H,821
6560H,821
6561H,821
722C,819
921M,811
922M,811
Fo101,415
Fo102,415
Fo103,415
Fo104,415
Fo105,415
Fo106,415
Fo107,415
Fo108,415
Fo109,415
Fo110,415
Fo111,415
Fo112,415
Fo113,415
南福岡,415
留置　小倉,415
門司港,415
